日付,カテゴリ,名前,説明,URL
2026-08-31,エフェクト,CAMERA FX,素のカメラから始まり、手を振るか ▸ FX で 22 種類のエフェクトへ。MATRIX・ASCII・HALFTONE・NEON・VHS・WARHOL・ECHO など、手のひらを返すたびに次へ。🎲 でランダム、AUTO で自動切り替え。,https://apaapaapaapaapa2006-source.github.io/oto-2/camera-fx/
2026-08-31,エフェクト,HAND//GLITCH,素のカメラから始まり、手を振るか ▸ GLITCH で両手のあいだに白縁のグリッチカードが並ぶ。広げれば列、近づければ塊、手のひらを返すと並びと色が替わる。🎲 でランダム。,https://apaapaapaapaapa2006-source.github.io/oto-2/hand-glitch/
2026-09-01,ゲーム,HITOMOSHI,手に持った実物の色を灯芯にして、種火から行灯へ火を運ぶ。灯の前で止まらないと点かない。,https://apaapaapaapaapa2006-source.github.io/oto-2/hitomoshi/
2026-09-01,楽器,KYOMEI,部屋の物音が八本の弦を励起する共鳴器。カメラは光を見ていて、レンズを覆うと音が暗くなる。,https://apaapaapaapaapa2006-source.github.io/oto-2/kyomei/
2026-09-01,エフェクト,TOKI,今と数秒前が一枚に同居するスリットスキャン。手のあるところが「今」。握れば時間が止まる。,https://apaapaapaapaapa2006-source.github.io/oto-2/toki/
2026-09-02,ゲーム,KAGEE,行灯の紙に手で影絵の形を結ぶ。お題のけものを作って静止すると影が手からはがれて歩き出す。,https://apaapaapaapaapa2006-source.github.io/oto-2/kagee/
2026-09-02,楽器,IKI,マイクに吹いた息が管の空気になる笛。手の高さが音程で手の開きが音色。強く吹くとオクターブ跳ねる。,https://apaapaapaapaapa2006-source.github.io/oto-2/iki/
2026-09-02,エフェクト,AMITEN,カメラ映像を網点に分解して刷る印刷機。手が版を引っぱると見当がずれて色が裂ける。両手を合わせると一枚刷れる。,https://apaapaapaapaapa2006-source.github.io/oto-2/amiten/
2026-09-02,エフェクト,MINAMO,カメラ映像が水面の下に沈む。本物の波動方程式なので波は端で跳ね返って干渉する。じっとすると凪ぐ。,https://apaapaapaapaapa2006-source.github.io/oto-2/minamo/
2026-09-02,エフェクト,HAKUCHU,カメラを街へ向けると空もビルも白く飛んで退色したスキャンの色になる。構造のあるところだけ手描きの注釈が書き込まれる。,https://apaapaapaapaapa2006-source.github.io/oto-2/hakuchu/
2026-09-02,ゲーム,KINGYO,手のひらがポイになる夜店の金魚すくい。紙は浸けるほど濡れて破れるので浅場の魚を狙う。,https://apaapaapaapaapa2006-source.github.io/oto-2/kingyo/
2026-09-03,エフェクト,NAGORI,画面を描き直さず動きの向きに引きずるだけのエフェクト。動くほど背景へ溶け手のひらを止めるとそこだけ今に戻る。,https://apaapaapaapaapa2006-source.github.io/oto-2/nagori/
2026-09-03,エフェクト,SUNA,体が砂になって崩れ落ち本物の粒として積もる。肩や頭にも溜まり腕を振れば崩れる。砂の色はカメラが見たあなたの色。,https://apaapaapaapaapa2006-source.github.io/oto-2/suna/
2026-09-03,エフェクト,HIBI,カメラの見た一瞬が窓ガラスとして凍る。突くと罅が枝分かれして走り囲まれた欠片が割れ落ちる。落ちた穴からだけ今のあなたが動いて見える。,https://apaapaapaapaapa2006-source.github.io/oto-2/hibi/
2026-09-03,エフェクト,OMOMI,手が質量になり重さで光が曲がる。景色は輪に巻きついて二重になり重力で遅れるので輪に映るあなたは少し前のあなた。,https://apaapaapaapaapa2006-source.github.io/oto-2/omomi/
2026-09-03,エフェクト,NUIME,カメラに映るものが布の上に一針ずつ刺繍されていく。糸の向きは絵の形に沿い色は32色の糸箱から選ばれる。じっとしていれば肖像が仕上がる。,https://apaapaapaapaapa2006-source.github.io/oto-2/nuime/
2026-09-03,エフェクト,UTSURO,手のひらに穴がのる。陰影がないので球には見えず世界に開いた穴として見える。傾ければ転がり指を曲げれば閉じこめられ通り過ぎた場所のディテールを食べて大きくなる。,https://apaapaapaapaapa2006-source.github.io/oto-2/utsuro/
2026-09-03,エフェクト,IROKAGE,赤緑青の三灯が照らし体が遮った影に色がつく。赤だけ遮ればシアン緑ならマゼンタ青ならイエロー。三灯はシルエットの外側に吊られ自分の体で自分の光を遮る。,https://apaapaapaapaapa2006-source.github.io/oto-2/irokage/
2026-09-04,ゲーム,OTEDAMA,畳の上のお手玉。開いた手のひらで受けて手ごと上へ跳ね上げて投げる。玉は二つから五つまで増え落とし三つで終わり。,https://apaapaapaapaapa2006-source.github.io/oto-2/otedama/
2026-09-04,楽器,SHOU,十本の指がそのまま十本の竹になる笙。指を曲げた深さが音の太さになり手を高く掲げるほど息が強い。調子は三つ。,https://apaapaapaapaapa2006-source.github.io/oto-2/shou/
2026-09-04,エフェクト,KEMURI,カメラに映るものが煙になる。本物の流体計算なので渦を巻き手を払えばその速さがそのまま風になる。香・渦・墨の三つ。,https://apaapaapaapaapa2006-source.github.io/oto-2/kemuri/
2026-09-04,エフェクト,UKIBORI,カメラの色を捨て明るさの傾きだけを面の向きに変えて彫る浮彫。手のひらが光源になり握ると光が硬くなる。石膏・銅・漆。,https://apaapaapaapaapa2006-source.github.io/oto-2/ukibori/
2026-09-05,ゲーム,IAI,夕日を背にした影との一本勝負。手を掲げて構え「斬」が出た刹那に振り下ろす。早まれば負け遅れれば斬られる。,https://apaapaapaapaapa2006-source.github.io/oto-2/iai/
2026-09-05,楽器,KOKYU,右手が弓で左手が棹になる擦弦楽器。動かしている間だけ鳴る。左手を上げると弦の振動する長さが短くなりその比が音程になる。,https://apaapaapaapaapa2006-source.github.io/oto-2/kokyu/
2026-09-05,エフェクト,JIBA,カメラに映るものが砂鉄になって紙に積もる。暗いところほど密になり一粒ずつが両手の作る磁場の向きにそろう。手を近づけると橋がかかる。,https://apaapaapaapaapa2006-source.github.io/oto-2/jiba/
2026-09-05,エフェクト,KIRIE,カメラ映像を明るさで切り分け色紙を重ねた切り絵にする。輪郭は画素ではなく本物の曲線なので拡大しても刃の跡。手を開くと層が離れる。,https://apaapaapaapaapa2006-source.github.io/oto-2/kirie/
2026-09-05,エフェクト,ROKUGA,カメラ映像を本物のコンポジット信号にして下手に戻す。色が滲みドットクロールが這い動いた場所ほどテープが擦り切れる。,https://apaapaapaapaapa2006-source.github.io/oto-2/rokuga/
2026-09-06,ゲーム,KOTSUCHI,畳の上のだるま落とし。一番下の胴だけを横に速く払うと上の段はそのまま落ちる。塔はばねで連なっているので払いが甘いと揺れが上へ伝わって崩れる。,https://apaapaapaapaapa2006-source.github.io/oto-2/kotsuchi/
2026-09-06,楽器,TSUZUMI,打つ手と締める手でひとつになる小鼓。皮の真ん中を打てばポン端を打てばチ。もう一方の手を握るほど調べ緒が締まって音が上がる。鳴っている振動の形がそのまま皮の上に見える。,https://apaapaapaapaapa2006-source.github.io/oto-2/tsuzumi/
2026-09-06,エフェクト,AMAMADO,カメラ映像が曇った窓の外になる。粒のひとつひとつが本物のレンズで中だけ景色が広く逆さに映る。手のひらで拭えば曇りが晴れ重くなった粒は自分の重さで流れ落ちて濡れた筋を残す。,https://apaapaapaapaapa2006-source.github.io/oto-2/amamado/
2026-09-06,エフェクト,MASUME,映った人だけが升目に分解され一マスずつ違う描線で塗られていく。横線・網目・走り書き・点描・蜘蛛の巣。どのマスがどの線かは位置で決まっていて一生変わらないので明暗だけが呼吸して絵は崩れない。升目の大きさはスライダーで無段階にペンは七色から選べる。背景は白紙のまま。,https://apaapaapaapaapa2006-source.github.io/oto-2/masume/
2026-09-07,ゲーム,KENDAMA,手が剣になるけん玉。玉は糸でつながっていて振り上げた勢いがそのまま伝わる。上げながら受けにいくと弾かれる。,https://apaapaapaapaapa2006-source.github.io/oto-2/kendama/
2026-09-07,楽器,KANE,霧の中の五つの梵鐘。振り抜けば撞け掌をかざせば高い倍音から消える。倍音は本物の鐘の比で唸りがそのまま輪になって見える。,https://apaapaapaapaapa2006-source.github.io/oto-2/kane/
2026-09-07,エフェクト,CHIKEI,明るさをそのまま標高として読み本物の等高線を引く地形図。顔は鼻を頂上にした山になる。手を上げると水位が上がって低い所から沈む。,https://apaapaapaapaapa2006-source.github.io/oto-2/chikei/
2026-09-07,エフェクト,NIJIMI,映るものが白い紙に置いた透明水彩になる。明るい所には何も塗られず紙が残り乾き際の縁に顔料が溜まる。手は水を含んだ筆。色は全部その場で調整できる。,https://apaapaapaapaapa2006-source.github.io/oto-2/nijimi/
2026-09-08,エフェクト,TAMAMUSHI,映った人の輪郭の中だけが玉虫色に光る。色は本物の薄膜干渉でつまみは膜の厚さそのもの。さわると輪郭が波打つ。,https://apaapaapaapaapa2006-source.github.io/oto-2/tamamushi/
2026-09-08,ゲーム,KARUTA,畳に並ぶ十二枚のいろはかるた。読み札の一字を聞いて札に手を置き払って取る。場に無い空札もまざるので早いだけでは勝てない。,https://apaapaapaapaapa2006-source.github.io/oto-2/karuta/
2026-09-08,楽器,SUIKIN,手をひらくと指先から雫が落ち地面の下の甕に入ったものだけが鳴る水琴窟。鳴らすのは手ではなく重力。弾くほど甕に水が溜まって音が短くなる。,https://apaapaapaapaapa2006-source.github.io/oto-2/suikin/
2026-09-08,エフェクト,MADARA,カメラが渡すのは色ではなく反応の速さで明るい所は斑に暗い所は迷路に育つ。フィルターではないので顔をそむけても模様は成長を続ける。,https://apaapaapaapaapa2006-source.github.io/oto-2/madara/
2026-09-09,エフェクト,KISEN,カメラ映像を一本の電子ビームが走査するブラウン管。画面が一度も消されないので燐光が残り明るさはビームの速さで決まる。部屋の音で輝線が揺れる。,https://apaapaapaapaapa2006-source.github.io/oto-2/kisen/
2026-09-09,ゲーム,KOMA,手を回した速さがそのまま独楽の勢いになる独楽相撲。回した場所へ独楽が寄り土俵の砂には走った跡が全部残る。,https://apaapaapaapaapa2006-source.github.io/oto-2/koma/
2026-09-09,楽器,HIROI,マイクが録った直前の六秒が地層になって横たわり両手が採取針になる粒状の楽器。握ればその一瞬が凍りいつまでも弾いていられる。,https://apaapaapaapaapa2006-source.github.io/oto-2/hiroi/
2026-09-09,エフェクト,NISHIKI,カメラ映像が縦糸と横糸にほどけて本物の織り組織で織り直される。平織・綾織・繻子で布の目が変わり握れば布をつかんで引っぱれる。,https://apaapaapaapaapa2006-source.github.io/oto-2/nishiki/
2026-09-10,ゲーム,NIRAMEKKO,面と向かい合う五番勝負のにらめっこ。面はこちらの顔を測って大げさに真似し笑わせにくる。動かしてはいけないのは体ではなく表情。,https://apaapaapaapaapa2006-source.github.io/oto-2/niramekko/
2026-09-10,楽器,FUIGO,両手のあいだに蛇腹がかかる一方向のふいご。広げても鳴らず空気が溜まるだけで寄せているあいだだけリードが鳴って溜めた分が減っていく。,https://apaapaapaapaapa2006-source.github.io/oto-2/fuigo/
2026-09-10,エフェクト,AWASEKAGAMI,カメラ映像が一フレームごとに自分自身へ映り込みつづける合わせ鏡。今が入れるのは画面のふちと手のひらに開いた穴だけで残りは色を回された過去。,https://apaapaapaapaapa2006-source.github.io/oto-2/awasekagami/
2026-09-11,ゲーム,FUKUWARAI,のっぺらぼうの面に眉・目・鼻・口を置く福笑い。手をひらくと部品が乗り目かくしの布が下りて顔が消える。覚えているうちに握って置く。,https://apaapaapaapaapa2006-source.github.io/oto-2/fukuwarai/
2026-09-11,楽器,KYOWA,二つの音の比がそのままリサージュ図形になる。濁っていると唸りの速さで回り純正な比に寄せると止まって一本の線になる。,https://apaapaapaapaapa2006-source.github.io/oto-2/kyowa/
2026-09-11,エフェクト,SHITATARI,明るいところだけを明るさの順に並べ替えるエフェクト。並べ替えた結果をまた並べ替えるのでじっとしているほど絵が溶けて垂れる。手のまわりだけ逆さに流れる。,https://apaapaapaapaapa2006-source.github.io/oto-2/shitatari/
2026-09-12,ゲーム,UGUISU,梅の枝の鶯と鳴き交わす五番勝負。鶯の鳴いたふしを声か口笛で返す。見ているのは高さではなく音と音の隔たりなのでどんな声でもよい。,https://apaapaapaapaapa2006-source.github.io/oto-2/uguisu/
2026-09-12,楽器,MUKKURI,音の高さを変えない口琴。弁は一つの高さで鳴りつづけ変わるのは口のなかの空洞だけ。どの倍音が選ばれているかが口のなかに見える。,https://apaapaapaapaapa2006-source.github.io/oto-2/mukkuri/
2026-09-12,エフェクト,SUMINAGASHI,水面に墨を落として櫛で梳く本物の墨流し。拡散が一度も起きないので何十回梳いても墨は濁らず細い筋になって伸びる。,https://apaapaapaapaapa2006-source.github.io/oto-2/suminagashi/
2026-09-13,ゲーム,SOPPO,紙芝居の舞台で狸と向かい合う五番勝負のあっち向いてホイ。じゃんけんに勝てば指をさす側、負ければ顔をそむける側。ホイの一瞬にさされた向きへ顔を向けたら取られ、どこへも向かなければそれも取られる。,https://apaapaapaapaapa2006-source.github.io/oto-2/soppo/
2026-09-13,楽器,MUSUBI,手が四本まで見える楽器。一本の手は細く濁った声しか出せず、もう一方の手へ近づけるとあいだに組紐が伸びて唸りがほどけて澄む。近づけきると結ばれて金の結び目が残る。ふたりでも編める。,https://apaapaapaapaapa2006-source.github.io/oto-2/musubi/
2026-09-13,エフェクト,SHIMA,細い罫を二枚かさねるとどちらにも無い太い縞が出る。二枚目はカメラの明るさで撓むので縞はあなたの形の等高線になる。角度と間隔がそろうと縞間隔は無限に伸びて消え唸りも止まる。,https://apaapaapaapaapa2006-source.github.io/oto-2/shima/
2026-09-14,ゲーム,TOUSEN,つまんだ指をひらいた瞬間の速さと向きで扇が飛ぶ投扇興。扇は板なので舞って翻って落ちる。枕の上の蝶を落とし扇と蝶と枕の納まりかたで銘がつく。,https://apaapaapaapaapa2006-source.github.io/oto-2/tousen/
2026-09-14,楽器,SUKASHI,障子の裏の灯りにかざした手の光があたったところだけが鳴る。三十六本の光の筋がそのまま三十六の帯域で見えている明るさが聞こえている音量。指をひらけば櫛の歯に割れる。,https://apaapaapaapaapa2006-source.github.io/oto-2/sukashi/
2026-09-14,エフェクト,KAKUREMINO,いない部屋を三秒おぼえさせてから手のひらで撫でたところが消える隠れ蓑。消えた先は録画ではなく今の部屋そのもの。消え際は藁のようにほつれ縁で光が曲がる。,https://apaapaapaapaapa2006-source.github.io/oto-2/kakuremino/
2026-09-15,楽器,TENBIN,両肩を結ぶ線がそのまま竿になる秤。傾ければ珠が転がって目盛りを鳴らし手のひらで堰き止められる。止まった珠は打つのをやめて歌いだす。,https://apaapaapaapaapa2006-source.github.io/oto-2/tenbin/
2026-09-15,エフェクト,GIYAMAN,カメラに映るものが鉛でつないだ色硝子の窓になる。手で撫でたところだけ硝子が細かく切り直され手を離すとゆっくり元へ戻る。色相は十二色の硝子に置き換わり明るさだけが光として透ける。,https://apaapaapaapaapa2006-source.github.io/oto-2/giyaman/
2026-09-15,エフェクト,UTSUSEMI,隠れ蓑の姉妹作でボタンもスライダーも一つも無い。指の本数で四つの変わり身を選び手をひねると色が回り両手を握れば部屋を覚え直す。,https://apaapaapaapaapa2006-source.github.io/oto-2/utsusemi/
2026-09-15,エフェクト,HAND//DUST,HAND//GLITCH の後継。映像が一万の粒にほどけ手をひらけば押しのけられ握れば掴めて離せばその速さで飛ぶ。放せば粒は居場所へ帰り絵が組み上がる。,https://apaapaapaapaapa2006-source.github.io/oto-2/hand-dust/
2026-09-16,楽器,TEMOTO,手元のものを覚えさせるとその色が声になる楽器。高さが音程で近づけるほど明るく動かすあいだだけ膨らむ。置けば鳴りつづけるので四つまで並べて和音が組める。,https://apaapaapaapaapa2006-source.github.io/oto-2/temoto/
2026-09-16,エフェクト,YUGAMIE,カメラ映像をわざと壊して刷った歪み絵。紙の上の墨の渦は読めないが手のひらが運ぶ銀の鏡の中でだけ絵が戻る。円筒・玉・斜の三通りで握れば刷り止まる。,https://apaapaapaapaapa2006-source.github.io/oto-2/yugamie/
2026-09-17,楽器,KURURI,片手で宙に輪を描きつづけているあいだだけ鳴る手回し弦。輪の速さが松脂の車輪の速さになり速いほど弦が開く。もう一方の手の高さが鍵で急に速くすると駒が唸る。,https://apaapaapaapaapa2006-source.github.io/oto-2/kururi/
2026-09-17,エフェクト,AORI,両手を結んだ線がそのままピント面になる大判カメラの煽り。外れた明るい点は滲まず絞り羽根の形の玉になって開く。円・六角・環の三種でつまめば面が固定される。,https://apaapaapaapaapa2006-source.github.io/oto-2/aori/
2026-09-17,エフェクト,RYORAN,体が土になり止まっているあいだだけ花が咲きつづける。動いて居なくなれば花は手を離して落ち散った花びらは底に積もる。季節は九十五秒で一巡し両腕を掲げれば散華。,https://apaapaapaapaapa2006-source.github.io/oto-2/ryoran/
2026-09-18,楽器,ARINOMICHI,紙の上の千匹の蟻が指先の蜜へ歩き帰り道に朱の跡を置く。手を動かしたところに道が育ち道を渡る蟻が十三本の糸をまたぐたびに一音鳴る。,https://apaapaapaapaapa2006-source.github.io/oto-2/arinomichi/
2026-09-18,エフェクト,GYORETSU,三分の一秒ごとに切り抜かれたあなたが藍に沈んで暮れ方の空を渡っていく。遠いものほど小さく淡く数百人の行列になりその先頭が今のあなた。,https://apaapaapaapaapa2006-source.github.io/oto-2/gyoretsu/
2026-09-18,楽器,CHIDORI,東雲の空を飛ぶ六百羽の千鳥。手のひらに寄り握れば散る。声を出すのは群れの形で締まれば十二の声が揃い広がれば和音にほどける。両手を打てば一斉。,https://apaapaapaapaapa2006-source.github.io/oto-2/chidori/
2026-09-18,エフェクト,KOMOREBI,カメラが木の下の地面になり千四百の木漏れ日が揺れる。丸は葉ではなく太陽の形で葉のすきまがピンホール。両腕を掲げれば日食で光がすべて三日月になる。,https://apaapaapaapaapa2006-source.github.io/oto-2/komorebi/
2026-09-19,楽器,SOROI,長さの違う九十六の振り子が別々の周期で揺れる楽器。手で薙げば鳴りはじめ振り子が弦を横切るたびに一音。ほどけた位相の模様は百二十秒でひとまわりして同じ形へ帰る。,https://apaapaapaapaapa2006-source.github.io/oto-2/soroi/
2026-09-19,エフェクト,BIROUDO,カメラに映るものすべてに毛が生えて撫でた向きに寝る布になる。光のほうを向いた毛だけが明るいので撫でた跡が芝生の刈り跡のように光って残る。両手を掲げれば一陣の風。,https://apaapaapaapaapa2006-source.github.io/oto-2/biroudo/
2026-09-20,楽器,TAMAYA,指でつまんでいるあいだ玉が育ち放せば上がる花火の楽器。大きい玉ほど高く上がって低く鳴り開いた星が一粒消えるたびに一音散る。,https://apaapaapaapaapa2006-source.github.io/oto-2/tamaya/
2026-09-20,エフェクト,KATSUJI,カメラに映るものを和紙の上の活字の版に組み直す。植字の波が一列ずつ組み替えるので画面の左と右は別の瞬間。握れば活字が落ちて積もる。,https://apaapaapaapaapa2006-source.github.io/oto-2/katsuji/
2026-09-20,エフェクト,MOJIKAGAMI,活字の姉妹作で画面ぜんぶが毎フレーム文字で刷り直される鏡。台詞は絵の暗いところしか通らないのでセリフが形をなぞって流れる。五色と白紙ボタン付き。,https://apaapaapaapaapa2006-source.github.io/oto-2/mojikagami/
2026-09-21,楽器,KUSAMURA,暮れの草むらの八百匹。手を差し入れたところだけが鳴きやみ通り過ぎたあとから揃って戻る。つまめば一匹が指先で鳴き手の高さが音程になる。,https://apaapaapaapaapa2006-source.github.io/oto-2/kusamura/
2026-09-21,エフェクト,HOMURA,カメラに映るものが紙に刷られ指先の火から焼け落ちる。火は画像の明るいところを選んで走るので影は燃え残り炎があなたの形を描く。,https://apaapaapaapaapa2006-source.github.io/oto-2/homura/
2026-09-21,エフェクト,MOMIGAMI,カメラ映像が一枚の紙に刷られ拳を握るとその紙が本物のように潰れて立体の塊になる。開けば伸びるが折り目は消えない。,https://apaapaapaapaapa2006-source.github.io/oto-2/momigami/
2026-09-22,楽器,AWA,底から湧く千の泡が水面ではじけた一瞬だけ鳴る楽器。音の高さは泡の大きさそのもので大きい泡ほど低い。手のひらで泡を寄せて合わせれば体積が足し算になって音が下がる。,https://apaapaapaapaapa2006-source.github.io/oto-2/awa/
2026-09-22,エフェクト,SAKARIBA,カメラ映像を本物の等高線として一本ずつ追い曲げたガラス管の看板に組み直す。灯っていない管も残り短い断片は捨てられるので看板には穴があく。つまめば形が焼き付いてどいたあとも光る。,https://apaapaapaapaapa2006-source.github.io/oto-2/sakariba/
2026-09-23,エフェクト,KAGERO,カメラ映像が立ちのぼる陽炎で歪むエフェクト。裏では熱が下から上へ運ばれながら冷える本物の対流を計算していて熱い場所ほど光が大きく屈折する。手をかざすとそこに熱が生まれ両手を高く掲げれば一度だけ熱が噴き上がる。,https://apaapaapaapaapa2006-source.github.io/oto-2/kagero/
2026-09-23,エフェクト,HYOMON,カメラに触れた場所から樹枝状結晶成長で氷が育つエフェクト。凍った跡は残るが10〜20秒かけてゆっくり融けてまた元の映像に戻る。両手を高く掲げると画面全体が一瞬で凍りつく。,https://apaapaapaapaapa2006-source.github.io/oto-2/hyomon/
2026-09-24,エフェクト,MADOKAGAMI,カメラに映った顔と手が小さなアプリのウィンドウの群れに分解されるエフェクト。窓の中身はいまの映像そのもので動けば群れがついてくる。背景は青空と丘のデスクトップ壁紙で手を掲げるほど窓が増える。,https://apaapaapaapaapa2006-source.github.io/oto-2/madokagami/
2026-09-25,エフェクト,ZANZOU,カメラに映った人物だけを白黒のクロスハッチ線画にするエフェクト。動いた跡は青・マゼンタ・黄の色つきシルエットになって遅れてついてくる。線の細かさ・遅れ・コントラスト・配色を操作パネルで調整できる。はじめは普通のカメラでボタンを押すと線画が上から塗り替わり🎲で残像の色と線がランダムに変わる。,https://apaapaapaapaapa2006-source.github.io/oto-2/zanzou/
2026-09-26,エフェクト,KORIN,カメラに映った顔にタンバリンの光輪をかぶったバケットハットが天から落ちて乗るエフェクト。頭を傾ければ帽子も傾き着地の瞬間に本物のジングルが鳴る。画面いっぱいの表示で調整パネルは引っ込められ録画すればその音ごと保存できる。,https://apaapaapaapaapa2006-source.github.io/oto-2/korin/
2026-09-23,エフェクト,SUIMEI,カメラに映るものが浅瀬の底になり本物の集光模様が這うエフェクト。白い網は模様ではなく光の折り目で手をかざすとそこだけ水面がふくらんでレンズになり光が一点に集まる。,https://apaapaapaapaapa2006-source.github.io/oto-2/suimei/
2026-09-23,エフェクト,NARUKAMI,部屋が夜の雷雨になるエフェクト。稲妻は階段状先駆で一歩ごとにカメラが見ているあなたの輪郭を探りながら降りてくる。手を掲げれば指先に落ち握れば接地して落ちない。雷鳴は距離のぶんだけ遅れて届く。,https://apaapaapaapaapa2006-source.github.io/oto-2/narukami/
2026-09-23,エフェクト,TELOP,表情にバラエティ番組のテロップと効果音がつくエフェクト。驚けば「えぇっ！？」笑えば「（笑）」口を開けたまま固まると衝撃映像。ワイプには少し遅れた自分が映り録画して保存できる。,https://apaapaapaapaapa2006-source.github.io/oto-2/telop/
2026-09-23,エフェクト,PSYCHE MIRROR,カメラをじっと見つめると顔がポスターの色面になり髪が70年代サイケのリボンになって画面いっぱいにほどけていく。口をあけると花がさき目を長めにとじると配色がかわる。,https://apaapaapaapaapa2006-source.github.io/oto-2/psyche-mirror/
2026-09-24,エフェクト,KAKUSEI,映った人がアニメのセル画になり体から気のオーラが燃え上がるエフェクト。声を出すほど炎が大きくなり叫びきると一瞬だけ白黒反転の決めカットになる。録画して保存できる。,https://apaapaapaapaapa2006-source.github.io/oto-2/kakusei/
2026-09-24,エフェクト,KOUSEN,暗いステージに立つと床とトラスのレーザーがあなたの輪郭をなぞりつづけるエフェクト。体は逆光のライブ写真のような二色になり手を叩くたびにストロボが焚かれて照明が切り替わる。録画して保存できる。,https://apaapaapaapaapa2006-source.github.io/oto-2/kousen/
2026-09-24,エフェクト,HYOSHI,映った人がモノクロの銀塩プリントになりモード誌の表紙に収まるエフェクト。大きな題字は頭の後ろに回り込み光の帯がゆっくり体を撫でる。シャッターで表紙を保存でき録画もできる。,https://apaapaapaapaapa2006-source.github.io/oto-2/hyoshi/
2026-09-24,エフェクト,ROKOU,カメラが長時間露光の写真機になるエフェクト。動いたぶんだけ体が絹のように流れて尾を引き止まっているところはくっきり残りいまの自分だけが鮮明に重なる。撮影と録画ができる。,https://apaapaapaapaapa2006-source.github.io/oto-2/rokou/
2026-09-24,エフェクト,SUDARE,部屋が夜のフィルム・ノワールになるエフェクト。ブラインド越しの光の縞だけがあなたを照らし縞のあいだは闇に沈む。琥珀・月光・ネオンの三つの光で撮影と録画ができる。,https://apaapaapaapaapa2006-source.github.io/oto-2/sudare/
2026-09-24,エフェクト,SUIGIN,映った人が液体金属の彫像になるエフェクト。スタジオの照明が体の曲面にゆっくり映り込んで流れ表面はかすかに波打つ。銀・黒鉄・シャンパンの三つの金属で撮影と録画ができる。,https://apaapaapaapaapa2006-source.github.io/oto-2/suigin/
2026-09-25,エフェクト,RENSHA,動くとそのぶん自分の姿がストロボの分身として空中に焼き付いていくエフェクト。速く動くほど分身は詰まって並び止まればいまの自分だけが残る。撮影と録画ができる。はじめは普通のカメラでボタンを押すとストロボが光って切り替わり🎲で分身の色と連写がランダムに変わる。,https://apaapaapaapaapa2006-source.github.io/oto-2/rensha/
2026-09-25,エフェクト,NAMISEN,画面ぜんぶが白黒の縞の壁になり映った人がその壁を内側から押し上げて浮き出すエフェクト。縞は体の丸みに巻きつき動けば体の後ろの縞が渦を巻く。撮影と録画ができる。,https://apaapaapaapaapa2006-source.github.io/oto-2/namisen/
2026-09-25,エフェクト,KUDAKE,映った自分が一枚のガラスになるエフェクト。速く動いたところから体が破片に砕けて光りながら飛び散り止まると破片が元の場所へ吸い寄せられて組み上がる。撮影と録画ができる。,https://apaapaapaapaapa2006-source.github.io/oto-2/kudake/
2026-09-25,エフェクト,SUMI,白い紙の上に自分が淡い墨絵になって映るエフェクト。動いた跡から墨が水の中のようにゆっくり湧き出して渦を巻き速く動くほど大きく爆ぜる。撮影と録画ができる。,https://apaapaapaapaapa2006-source.github.io/oto-2/sumi/
2026-09-26,エフェクト,TOROKE,動いたところだけ映像の圧縮が壊れ体が前の絵を引きずって溶け流れるデータモッシュ。止まれば元に戻りタップすると最後の動きがあふれ続ける。はじめは普通のカメラでボタンを押すと暗転してブロックが組み上がるように溶ける映像が現れもう一度押すと元のカメラに戻る。,https://apaapaapaapaapa2006-source.github.io/oto-2/toroke/
2026-09-26,エフェクト,TENGUN,映った人が暗い空間でゆっくり回る三次元の点群スキャンになる。動いたところから体が青い粉になって風に流れ、止まれば点が戻って体を組み直す。はじめは普通のカメラでボタンを押すと暗転して点群の顔が浮かび上がりもう一度押すと元のカメラに戻る。AUTOにすると点の色が数秒ごとにひとりでにランダムな色へ替わる。,https://apaapaapaapaapa2006-source.github.io/oto-2/tengun/
2026-09-27,エフェクト,HAIKOU,頭のうしろに強い光が灯りあなたは黒い影になって輪郭のすきまから光の筋が霧へ噴き出す。止まれば静かな後光動くほど光芒は長く激しくなる。,https://apaapaapaapaapa2006-source.github.io/oto-2/haikou/
2026-09-27,エフェクト,RINBU,切り抜かれたあなたが八人に増え紙の上で万華鏡の花になる。一人ずつ少し遅れているので動けば波が輪を一周し花は回り出して朱の刷り跡を残す。止まれば紋章に戻る。,https://apaapaapaapaapa2006-source.github.io/oto-2/rinbu/
2026-09-27,エフェクト,DANSEN,カメラに映るものが割れた液晶に映った像になる。動いたところの配線から死んで純色の縦線が画面を貫き帯になった行は像を横へ引き伸ばす。壊れた跡は消えず画面をタップすると罅が走る。,https://apaapaapaapaapa2006-source.github.io/oto-2/dansen/
2026-09-27,楽器,BAKUON,体の動きがそのまま歪んだノイズシンセになる。音色を作っているのはあなたの姿を縦に切った一本の線。高いところで動けば高く暴れるほど七つの発振器が折れて唸り太鼓が組み上がる。撮影と録画ができる。,https://apaapaapaapaapa2006-source.github.io/oto-2/bakuon/
2026-09-27,エフェクト,TAMAYURA,暗い舞台で自分だけが白く照らされ動いたぶんだけ真っ赤な残像がその場に置いていかれる。残像は少し留まってから点の格子に崩れ赤い球になってこぼれ落ちて消える。画面をタップすると色が替わる。撮影と録画ができる。,https://apaapaapaapaapa2006-source.github.io/oto-2/tamayura/
2026-09-28,エフェクト,HABATAKI,映った人が映画ポスターのような二重露光になりシルエットの中に霧の森と赤い太陽が写る。動いたところから輪郭が黒い鳥の群れになって飛び立つ。はじめは普通のカメラでボタンを押すと白く飛んで像が現像されるように現れる。,https://apaapaapaapaapa2006-source.github.io/oto-2/habataki/
2026-09-28,エフェクト,KAGAMIDAMA,明かりが落ちて映った人が銀のタイルのミラーボールになり部屋じゅうに光の粒が散る。止まればゆっくり回り動くほど速く回って光が尾を引いて流れる。はじめは普通のカメラでボタンを押すと暗転してタイルが貼られていく。,https://apaapaapaapaapa2006-source.github.io/oto-2/kagamidama/
2026-09-29,エフェクト,HANTEN,映った人が何千枚もの円盤を裏返して描くフリップディスクの鏡になる。動いたところは円盤がカチカチ鳴りながら裏返りつづけタップすると白黒の反転が波になって盤を渡る。はじめは普通のカメラでボタンを押すと斜めの波があなたを描き出す。,https://apaapaapaapaapa2006-source.github.io/oto-2/hanten/
2026-09-29,エフェクト,KEHAI,映った人がインスタント写真のオーラ写真になり暗がりの中で体のまわりに色の霧が立ちのぼる。止まっていれば静かな藍で動いたところからは熱い色の煙が噴き出し体の動いた向きへ尾を引いて渦を巻く。はじめは普通のカメラでボタンを押すと写真が現像されるように現れる。,https://apaapaapaapaapa2006-source.github.io/oto-2/kehai/
2026-09-29,エフェクト,KEISEN,映った人が横に走る何十本もの線でできた立体になる。回すと体の裏の線は隠れ動いたところの線が波形のように震える。AUTOにすると動くほど色と線の太さと本数と奥行きが自動で変わる。撮影と録画ができる。,https://apaapaapaapaapa2006-source.github.io/oto-2/keisen/
2026-09-29,エフェクト,KENZAN,映った人が針の板から押し出されたピンアートの立体になる。数千本の角柱が光を受けて浮かび動いたところの針はばねのように跳ねる。AUTOにすると動くほど色と針の太さと本数と奥行きが自動で変わる。撮影と録画ができる。,https://apaapaapaapaapa2006-source.github.io/oto-2/kenzan/
2026-09-29,エフェクト,KIRIKO,映った人が切子ガラスのような多面体の彫像になる。面ごとに光を受けてきらめき動いたところの面は破片になって手前へ砕け散る。AUTOにすると動くほど色と面の細かさと稜線の太さと奥行きが自動で変わる。撮影と録画ができる。,https://apaapaapaapaapa2006-source.github.io/oto-2/kiriko/
2026-09-29,エフェクト,KASANE,映った人が何十枚もの板を重ねた等高線の彫刻になる。上の板ほど今のあなたで下の板ほど少し前のあなたなので動くと板がずれて体の軌跡が階段のように重なる。AUTOにすると動くほど色と枚数と切り口と高さが自動で変わる。撮影と録画ができる。,https://apaapaapaapaapa2006-source.github.io/oto-2/kasane/
2026-09-30,エフェクト,HAGOROMO,映った人が黒い空間に立つ銀色のモノクロになり両手から深紅の絹が流れ出す。一枚は背中を回って頭の後ろに弧を描き腕を速く振るほど布は長く伸びて大きく翻る。はじめは普通のカメラでボタンを押すと色が抜けて布が手からほどける。撮影と録画ができる。,https://apaapaapaapaapa2006-source.github.io/oto-2/hagoromo/
2026-09-30,エフェクト,KIRIBARI,カメラの画面が何十枚もの写真を壁に貼り合わせたコラージュになる。写真は一枚ずつ別の瞬間に撮り直されるので止まれば一枚の絵に揃い動くとあなたの体がばらばらの時刻に割れて写真が揺れる。はじめは普通のカメラでボタンを押すとシャッターが光って映像が写真の束に割れる。撮影と録画ができる。,https://apaapaapaapaapa2006-source.github.io/oto-2/kiribari/
2026-09-30,エフェクト,ZUKEI,映った人がバウハウスのポスターのような図形の肖像になる。四分円・半円・正方形の墨と朱で組まれ動いたところの図形はくるりと回って朱に弾け止まればまた顔に組み直る。はじめは普通のカメラでボタンを押すと紙の升目が映像を覆って図形が刷られていく。撮影と録画ができる。,https://apaapaapaapaapa2006-source.github.io/oto-2/zukei/
2026-09-30,エフェクト,MABOROSHI,部屋が暗くなり映った人が床から投影されたホログラムになる。走査線と輪郭の光で透けて立ち速く動いたところから信号が裂けて横にずれ少し前の自分の残像が遅れてついてくる。はじめは普通のカメラでボタンを押すと暗転して像が床から一行ずつ組み上がる。撮影と録画ができる。,https://apaapaapaapaapa2006-source.github.io/oto-2/maboroshi/
2026-10-01,エフェクト,TANZAKU,映った人が天井から吊られた何十本もの細い短冊に刷られたモノクロの肖像になる。動いたところの短冊だけがねじれて翻り裏の金箔がひらめき止まれば一枚の肖像に戻る。はじめは普通のカメラでボタンを押すと短冊が端から一回転して肖像に切り替わる。撮影と録画ができる。,https://apaapaapaapaapa2006-source.github.io/oto-2/tanzaku/
2026-10-01,エフェクト,RYUSEN,暗い風洞の中に立つと白い煙の流線があなたの体の形に沿って分かれ頭や肩をなめて流れていく。止まれば静かな層流で動けば体のうしろに渦が巻いて線がちぎれ一本だけ赤い染料の線が混じる。はじめは普通のカメラでボタンを押すと暗転して煙の前線が押し寄せる。撮影と録画ができる。,https://apaapaapaapaapa2006-source.github.io/oto-2/ryusen/
2026-10-01,エフェクト,ITOKAKE,映った人が円く打った二百本の釘のあいだに何千本もの白い糸を張った糸かけの肖像になる。動いたところを通る糸は金色に弾けて弦の音で鳴り止まれば一本ずつ張り直されて顔に戻る。はじめは普通のカメラでボタンを押すと何も無い板に糸が高速で張られて肖像が編み上がる。撮影と録画ができる。,https://apaapaapaapaapa2006-source.github.io/oto-2/itokake/
2026-10-01,エフェクト,UTSUWA,映った人が琥珀色の酒を満たしたガラスの器になる。顔は透きとおったガラスに体は光を通す琥珀になり体を横に動かすと中の酒が大きく揺れて跳べば飛沫が上がりタップすると氷がひとつ浮かぶ。はじめは普通のカメラでボタンを押すと頭の上から酒が注がれて体の底から満ちていく。撮影と録画ができる。,https://apaapaapaapaapa2006-source.github.io/oto-2/utsuwa/
2026-10-02,エフェクト,SEKIGAI,映った人が赤外線カメラの熱の像になり顔と手が白く灼ける。動いたところは赤く発熱して体の形の残熱が壁に残ったまま冷えて立ちのぼる。はじめは普通のカメラでボタンを押すとシャッター音とともに校正画面が入り冷えた像から体温が浮かび上がる。撮影と録画ができる。,https://apaapaapaapaapa2006-source.github.io/oto-2/sekigai/
2026-10-02,エフェクト,KAIROU,映った人のうしろに少し前の自分が一人ずつ縮みながら奥の消失点へ並び深い青に沈んでいく。止まれば静かなトンネルで横に動けば遅れた自分たちの列がうねって回廊ごとねじれる。はじめは普通のカメラでボタンを押すと部屋ごとの画面が一枚の額になって奥へ吸い込まれる。撮影と録画ができる。,https://apaapaapaapaapa2006-source.github.io/oto-2/kairou/
2026-10-03,エフェクト,TAISHO,顔のまんなかの線で画面が折り返されあなたは完全に左右対称の顔になる。折り目は鼻筋についてくるので首をかしげたり横を向いたりすると顔が別人に化けタップで右の顔と左の顔が入れ替わる。はじめは普通のカメラでボタンを押すと額から顎へ画面が折り返されていく。撮影と録画ができる。,https://apaapaapaapaapa2006-source.github.io/oto-2/taisho/
2026-10-03,エフェクト,KAGEBOSHI,部屋の明かりが落ち横から一灯だけの光があなたを照らして壁に大きな影が落ちる。その影は一秒ほど遅れてあなたを追いかけタップすると影をその姿勢のまま壁に置いていける。はじめは普通のカメラでボタンを押すと暗転して電球が点き壁に影が浮かぶ。撮影と録画ができる。,https://apaapaapaapaapa2006-source.github.io/oto-2/kageboshi/
2026-10-03,エフェクト,キューブリック・トライアングル・スター,人差し指・中指・薬指を立てるとその指がさす先に箱が一個ずつ浮かび指を閉じるかもう片方の手の同じ指に当てると箱が移る。形は箱・球・スター・三角から選べて色や大きさ・白黒フラッシュ・オーラも切り替えられる。,https://apaapaapaapaapa2006-source.github.io/oto-2/cubrick-triangle-star/
2026-10-04,エフェクト,HAMON,映った人が細い線で彫られた版画になり体の輪郭から波紋が絶えず広がる。止まれば静かな同心円で歩けば波が前に詰まって後ろに航跡が伸び速く動いた瞬間の輪だけが朱に染まる。はじめは普通のカメラでボタンを押すと体から輪が開いて画面が線の世界に塗り替わる。撮影と録画ができる。,https://apaapaapaapaapa2006-source.github.io/oto-2/hamon/
2026-10-04,エフェクト,KONTENGI,映った人が暗い温黒調の肖像写真になり頭のまわりに真鍮の渾天儀が組み上がる。首を振ったり歩いたりすると環がジャイロのように互い違いに回りだし速いほど大きく開いて金の残光を引く。はじめは普通のカメラでボタンを押すと部屋が沈んで環が回りながら飛んでくる。撮影と録画ができる。,https://apaapaapaapaapa2006-source.github.io/oto-2/kontengi/
2026-10-04,エフェクト,OMOCHABAKO,オーナーが見せてくれた動画の再現から広げた作品。手を開いて左右に振るとカメラが左からピクセルのブロックに崩れて映った人はグリッチのモザイクで埋まったシルエットになりまわりがおもちゃのコラージュでぎっしり埋まる。手のひらを返すたびにPOP・大人・サイケ・テクノ・熱帯魚・スター・ハロウィンの七つのテーマが替わる。撮影と録画ができる。,https://apaapaapaapaapa2006-source.github.io/oto-2/omochabako/
2026-10-04,エフェクト,AYATORI,指先に虹のレーザーの糸がかかるあやとり。本物の手順どおりに光る糸へ指先を近づけてとり、指を曲げてはずすと「基本の形」「やり」「はしご」ができあがる。じゆうモードでは好きな指で好きな糸をとれる。,https://apaapaapaapaapa2006-source.github.io/oto-2/ayatori/
2026-10-05,エフェクト,BUNKOU,明かりが落ちてあなたは白い輪郭の黒いガラスになる。横から差す白い光が体を通り抜け虹の扇に分かれて闇へ抜ける。動けば扇が大きく振れて残光を引き暗いところをタップすると光の出どころが移る。撮影と録画ができる。,https://apaapaapaapaapa2006-source.github.io/oto-2/bunkou/
2026-10-05,エフェクト,TAMEN,映った人がキュビスムの肖像画になる。顔と体は黄土・青灰・木炭の面に切り分けられ面ごとに少し前の別の瞬間のあなたが描かれるので首を振ると正面と横顔が一枚に同居する。止まれば面はひとつの顔にまとまる。撮影と録画ができる。,https://apaapaapaapaapa2006-source.github.io/oto-2/tamen/
2026-10-05,エフェクト,KIRIDAMA,CUBRICK TRIANGLE STAR をもとにマンガのシューターが手の上に出す四角や三角の弾を参考にしてアレンジした作品。手をひらくと光るキューブか三角が手の上に生まれて格子に割れ手をすばやく振るか画面をタップすると割れた弾がいっせいに飛んでいく。弾道は直進・曲線・炸裂形・分割数・色・速さは調整で変えられる。撮影と録画ができる。,https://apaapaapaapaapa2006-source.github.io/oto-2/kiridama/
